PLAYER NAME,DEPTH
KYLER MURRAY,1
DESMOND RIDDER,2
CLAYTON TUNE,3
JAMES CONNER,1
TREY BENSON,2
EMARI DEMERCADO,3
MICHAEL CARTER,4
DEEJAY DALLAS,5
MARVIN HARRISON,1
MICHAEL WILSON,2
ZAY JONES,3
GREG DORTCH,4
CHRIS MOORE,5
ZACH PASCAL,6
TREY MCBRIDE,1
TIP REIMAN,2
ELIJAH HIGGINS,3
MATT PRATER,1
KIRK COUSINS,1
MICHAEL PENIX,2
TAYLOR HEINICKE,3
BIJAN ROBINSON,1
TYLER ALLGEIER,2
AVERY WILLIAMS,3
DRAKE LONDON,1
DARNELL MOONEY,2
RAY RAY MCCLOUD,3
KHADAREL HODGE,4
CASEY WASHINGTON,5
JOSH ALI,6
KYLE PITTS,1
CHARLIE WOERNER,2
ROSS DWELLEY,3
JOHN FITZPATRICK,4
YOUNGHOE KOO,1
LAMAR JACKSON,1
JOSH JOHNSON,2
MALIK CUNNINGHAM,3
DERRICK HENRY,1
JUSTICE HILL,2
KEATON MITCHELL,3
RASHEEN ALI,4
PATRICK RICARD,5
ZAY FLOWERS,1
NELSON AGHOLOR,2
RASHOD BATEMAN,3
DEVONTEZ WALKER,4
TYLAN WALLACE,5
DEONTE HARTY,6
KEITH KIRKWOOD,7
MARK ANDREWS,1
ISAIAH LIKELY,2
CHARLIE KOLAR,3
JUSTIN TUCKER,1
JOSH ALLEN,1
MITCHELL TRUBISKY,2
JAMES COOK,1
KINGSTON DAVIS,2
TY JOHNSON,3
DARRYNTON EVANS,4
FRANK GORE,5
CURTIS SAMUEL,1
KHALIL SHAKIR,2
KEON COLEMAN,3
MACK HOLLINS,4
MARQUEZ VALDES-SCANTLING,5
ANDY ISABELLA,6
KJ HAMLER,7
DALTON KINCAID,1
DAWSON KNOX,2
QUINTIN MORRIS,3
TYLER BASS,1
BRYCE YOUNG,1
ANDY DALTON,2
JONATHON BROOKS,1
CHUBA HUBBARD,2
MILES SANDERS,3
RAHEEM BLACKSHEAR,4
MIKE BOONE,5
DIONTAE JOHNSON,1
ADAM THIELEN,2
XAVIER LEGETTE,3
JONATHAN MINGO,4
TERRACE MARSHALL,5
IHMIR SMITH-MARSETTE,6
DAVID MOORE,7
JATAVION SANDERS,1
TOMMY TREMBLE,2
IAN THOMAS,3
EDDY PINEIRO,1
CALEB WILLIAMS,1
TYSON BAGENT,2
BRETT RYPIEN,3
DANDRE SWIFT,1
KHALIL HERBERT,2
ROSCHON JOHNSON,3
KHARI BLASINGAME,4
TRAVIS HOMER,5
DJ MOORE,1
KEENAN ALLEN,2
ROME ODUNZE,3
TYLER SCOTT,4
VELUS JONES,5
COLLIN JOHNSON,6
DANTE PETTIS,7
COLE KMET,1
GERALD EVERETT,2
CAIRO SANTOS,1
JOE BURROW,1
JAKE BROWNING,2
ZACK MOSS,1
CHASE BROWN,2
TRAYVEON WILLIAMS,3
JAMARR CHASE,1
TEE HIGGINS,2
JERMAINE BURTON,3
ANDREI IOSIVAS,4
TRENTON IRWIN,5
CHARLIE JONES,6
MIKE GESICKI,1
ERICK ALL,2
DREW SAMPLE,3
TANNER HUDSON,4
EVAN MCPHERSON,1
DESHAUN WATSON,1
JAMEIS WINSTON,2
NICK CHUBB,1
JEROME FORD,2
DONTA FOREMAN,3
NYHEIM HINES,4
PIERRE STRONG,5
AMARI COOPER,1
JERRY JEUDY,2
ELIJAH MOORE,3
JAMARI THRASH,4
DAVID BELL,5
CEDRIC TILLMAN,6
MICHAEL WOODS,7
DAVID NJOKU,1
JORDAN AKINS,2
DUSTIN HOPKINS,1
CADE YORK,2
DAK PRESCOTT,1
COOPER RUSH,2
TREY LANCE,3
EZEKIEL ELLIOTT,1
RICO DOWDLE,2
ROYCE FREEMAN,3
DEUCE VAUGHN,4
MALIK DAVIS,5
CEEDEE LAMB,1
BRANDIN COOKS,2
JALEN TOLBERT,3
KAVONTAE TURPIN,4
JALEN BROOKS,5
RACEY MCMATH,6
JAKE FERGUSON,1
LUKE SCHOONMAKER,2
PEYTON HENDERSHOT,3
BRANDON AUBREY,1
BO NIX,1
JARRETT STIDHAM,2
ZACH WILSON,3
JAVONTE WILLIAMS,1
JALEEL MCLAUGHLIN,2
AUDRIC ESTIME,3
SAMAJE PERINE,4
BLAKE WATSON,5
COURTLAND SUTTON,1
MARVIN MIMS,2
JOSH REYNOLDS,3
TROY FRANKLIN,4
TIM PATRICK,5
BRANDON JOHNSON,6
LILJORDAN HUMPHREY,7
GREG DULCICH,1
ADAM TRAUTMAN,2
LUCAS KRULL,3
NATE ADKINS,4
WIL LUTZ,1
JARED GOFF,1
HENDON HOOKER,2
NATE SUDFELD,3
JAHMYR GIBBS,1
DAVID MONTGOMERY,2
CRAIG REYNOLDS,3
ZONOVAN KNIGHT,4
AMON-RA ST BROWN,1
JAMESON WILLIAMS,2
KALIF RAYMOND,3
DONOVAN PEOPLES-JONES,4
DAURICE FOUNTAIN,5
TOM KENNEDY,6
ISAIAH WILLIAMS,7
SAM LAPORTA,1
BROCK WRIGHT,2
JAMES MITCHELL,3
JAKE BATES,1
JORDAN LOVE,1
SEAN CLIFFORD,2
JOSH JACOBS,1
MARSHAWN LLOYD,2
AJ DILLON,3
EMANUEL WILSON,4
ELLIS MERRIWEATHER,5
JAYDEN REED,1
CHRISTIAN WATSON,2
ROMEO DOUBS,3
DONTAYVION WICKS,4
BO MELTON,5
MALIK HEATH,6
SAMORI TOURE,7
LUKE MUSGRAVE,1
TUCKER KRAFT,2
BEN SIMS,3
ANDERS CARLSON,1
GREG JOSEPH,2
CJ STROUD,1
DAVIS MILLS,2
CASE KEENUM,3
JOE MIXON,1
DAMEON PIERCE,2
CAM AKERS,3
JAWHAR JORDAN,4
DARE OGUNBOWALE,5
ANDREW BECK,6
NICO COLLINS,1
STEFON DIGGS,2
NATHANIEL DELL,3
NOAH BROWN,4
ROBERT WOODS,5
JOHN METCHIE,6
BEN SKOWRONEK,7
XAVIER HUTCHINSON,7
DALTON SCHULTZ,1
CADE STOVER,2
BREVIN JORDAN,3
TEAGAN QUITORIANO,4
KAIMI FAIRBAIRN,1
ANTHONY RICHARDSON,1
JOE FLACCO,2
JONATHAN TAYLOR,1
TREY SERMON,2
EVAN HULL,3
TYLER GOODSON,4
MICHAEL PITTMAN,1
JOSH DOWNS,2
ADONAI MITCHELL,3
ALEC PIERCE,4
ASHTON DULIN,5
DJ MONTGOMERY,6
ANTHONY GOULD,7
JELANI WOODS,1
KYLEN GRANSON,2
MO ALIE-COX,3
WILL MALLORY,4
MATT GAY,1
TREVOR LAWRENCE,1
MAC JONES,2
TRAVIS ETIENNE,1
DERNEST JOHNSON,2
CARTAVIOUS BIGSBY,3
KEILAN ROBINSON,4
CHRISTIAN KIRK,1
GABRIEL DAVIS,2
BRIAN THOMAS,3
DEVIN DUVERNAY,4
PARKER WASHINGTON,5
JOSHUA CEPHUS,6
TIM JONES,7
EVAN ENGRAM,1
BRENTON STRANGE,2
JOSIAH DEGUARA,3
LUKE FARRELL,4
CAM LITTLE,1
PATRICK MAHOMES,1
CARSON WENTZ,2
ISIAH PACHECO,1
CLYDE EDWARDS-HELAIRE,2
DENERIC PRINCE,3
CARSON STEELE,4
KEAONTAY INGRAM,5
LOUIS REES-ZAMMIT,6
RASHEE RICE,1
XAVIER WORTHY,2
MARQUISE BROWN,3
JUSTIN WATSON,4
SKYY MOORE,5
MECOLE HARDMAN,6
KADARIUS TONEY,7
JUSTYN ROSS,7
TRAVIS KELCE,1
NOAH GRAY,2
IRV SMITH,3
HARRISON BUTKER,1
JUSTIN HERBERT,1
EASTON STICK,2
GUS EDWARDS,1
JK DOBBINS,2
KIMANI VIDAL,3
JARET PATTERSON,4
ISAIAH SPILLER,5
JOSH PALMER,1
LADD MCCONKEY,2
QUENTIN JOHNSTON,3
DJ CHARK,4
DERIUS DAVIS,5
SIMI FEHOKO,6
BRENDEN RICE,7
WILL DISSLY,1
HAYDEN HURST,2
DONALD PARHAM,3
STONE SMARTT,4
CAMERON DICKER,1
MATTHEW STAFFORD,1
JIMMY GAROPPOLO,2
KYREN WILLIAMS,1
BLAKE CORUM,2
RONNIE RIVERS,3
ZACH EVANS,4
PUKA NACUA,1
COOPER KUPP,2
DEMARCUS ROBINSON,3
JORDAN WHITTINGTON,4
CHATARIUS ATWELL,5
TYLER JOHNSON,6
TYLER HIGBEE,1
COLBY PARKINSON,2
DAVIS ALLEN,3
JOSHUA KARTY,1
AIDAN OCONNELL,1
GARDNER MINSHEW,2
ZAMIR WHITE,1
ALEXANDER MATTISON,2
DYLAN LAUBE,3
AMEER ABDULLAH,4
DAVANTE ADAMS,1
JAKOBI MEYERS,2
TRE TUCKER,3
DJ TURNER,4
KRISTIAN WILKERSON,5
BROCK BOWERS,1
MICHAEL MAYER,2
HARRISON BRYANT,3
DANIEL CARLSON,1
TUA TAGOVAILOA,1
MIKE WHITE,2
DEVON ACHANE,1
RAHEEM MOSTERT,2
JAYLEN WRIGHT,3
ALEC INGOLD,4
JEFFERY WILSON,5
SALVON AHMED,6
TYREEK HILL,1
JAYLEN WADDLE,2
ODELL BECKHAM,3
MALIK WASHINGTON,4
BRAXTON BERRIOS,5
ERIK EZUKANMA,6
RIVER CRACRAFT,7
JONNU SMITH,1
DURHAM SMYTHE,2
JULIAN HILL,3
JASON SANDERS,1
SAM DARNOLD,1
NICK MULLENS,2
AARON JONES,1
TY CHANDLER,2
KENE NWANGWU,3
DEWAYNE MCBRIDE,4
JUSTIN JEFFERSON,1
JORDAN ADDISON,2
JALEN NAILOR,3
BRANDON POWELL,4
TRENT SHERFIELD,5
TRISHTON JACKSON,6
TJ HOCKENSON,1
JOSH OLIVER,2
JOHN MUNDT,3
WILL REICHARD,1
DRAKE MAYE,1
JACOBY BRISSETT,2
RHAMONDRE STEVENSON,1
ANTONIO GIBSON,2
KEVIN HARRIS,3
JAMYCAL HASTY,4
JALYNN POLK,1
DEMARIO DOUGLAS,2
JAVON BAKER,3
KENDRICK BOURNE,4
KJ OSBORN,5
JALEN REAGOR,6
TYQUAN THORNTON,7
HUNTER HENRY,1
AUSTIN HOOPER,2
MITCHELL WILCOX,3
CHAD RYLAND,1
JOEY SLYE,2
DEREK CARR,1
TAYSOM HILL,2
SPENCER RATTLER,3
ALVIN KAMARA,1
KENDRE MILLER,2
JAMAAL WILLIAMS,3
JORDAN MIMS,4
CHRIS OLAVE,1
RASHID SHAHEED,2
AT PERRY,3
CEDRICK WILSON,4
JERROD MEANS,5
EQUANIMEOUS ST BROWN,6
STANLEY MORGAN,7
JUWAN JOHNSON,1
FOSTER MOREAU,2
BLAKE GRUPE,1
DANIEL JONES,1
DREW LOCK,2
TOMMY DEVITO,3
DEVIN SINGLETARY,1
TYRONE TRACY,2
ERIC GRAY,3
MALIK NABERS,1
DARIUS SLAYTON,2
WANDALE ROBINSON,3
JALIN HYATT,4
ALLEN ROBINSON,5
ISAIAH MCKENZIE,6
ISAIAH HODGINS,7
THEO JOHNSON,1
DANIEL BELLINGER,2
GRAHAM GANO,1
JUDE MCATAMNEY,2
AARON RODGERS,1
TYROD TAYLOR,2
JORDAN TRAVIS,3
BREECE HALL,1
BRAELON ALLEN,2
ISRAEL ABANIKANDA,3
ISAIAH DAVIS,4
GARRETT WILSON,1
MIKE WILLIAMS,2
MALACHI CORLEY,3
ALLEN LAZARD,4
XAVIER GIPSON,5
JASON BROWNLEE,6
MALIK TAYLOR,7
TYLER CONKLIN,1
JEREMY RUCKERT,2
ZACK KUNTZ,3
KENNY YEBOAH,4
GREG ZUERLEIN,1
JALEN HURTS,1
KENNY PICKETT,2
WILL GRIER,3
SAQUON BARKLEY,1
KENNY GAINWELL,2
WILL SHIPLEY,3
LEW NICHOLS,4
AJ BROWN,1
DEVONTA SMITH,2
PARRIS CAMPBELL,3
JOHNNY WILSON,4
AINIAS SMITH,5
BRITAIN COVEY,6
DALLAS GOEDERT,1
GRANT CALCATERRA,2
ALBERT OKWUEGBUNAM,3
JAKE ELLIOTT,1
RUSSELL WILSON,1
JUSTIN FIELDS,2
JAYLEN WARREN,1
NAJEE HARRIS,2
CORDARRELLE PATTERSON,3
LAMICAL PERINE,4
GEORGE PICKENS,1
VAN JEFFERSON,2
ROMAN WILSON,3
CALVIN AUSTIN,4
QUEZ WATKINS,5
SCOTT MILLER,6
DEZ FITZPATRICK,7
PAT FREIERMUTH,1
DARNELL WASHINGTON,2
CONNOR HEYWARD,3
CHRIS BOSWELL,1
GENO SMITH,1
SAM HOWELL,2
KENNETH WALKER,1
ZACH CHARBONNET,2
KENNY MCINTOSH,3
GEORGE HOLANI,4
DK METCALF,1
JAXON SMITH-NJIGBA,2
TYLER LOCKETT,3
JAKE BOBO,4
LAVISKA SHENAULT,5
DWAYNE ESKRIDGE,6
DAREKE YOUNG,7
NOAH FANT,1
PHARAOH BROWN,2
JASON MYERS,1
BROCK PURDY,1
BRANDON ALLEN,2
JOSHUA DOBBS,3
CHRISTIAN MCCAFFREY,1
ELIJAH MITCHELL,2
JORDAN MASON,3
ISAAC GUERENDO,4
KYLE JUSZCZYK,5
DEEBO SAMUEL,1
BRANDON AIYUK,2
RICKY PEARSALL,3
JAUAN JENNINGS,4
RONNIE BELL,5
JACOB COWING,6
CHRIS CONLEY,7
GEORGE KITTLE,1
ERIC SAUBERT,2
JAKE MOODY,1
BAKER MAYFIELD,1
KYLE TRASK,2
JOHN WOLFORD,3
RACHAAD WHITE,1
MARKEISE IRVING,2
CHASE EDMONDS,3
SEAN TUCKER,4
MIKE EVANS,1
CHRIS GODWIN,2
TREY PALMER,3
JALEN MCMILLAN,4
STERLING SHEPARD,5
RAKIM JARRETT,6
CADE OTTON,1
KO KIEFT,2
PAYNE DURHAM,3
DEVIN CULP,4
CHASE MCLAUGHLIN,1
WILL LEVIS,1
MASON RUDOLPH,2
MALIK WILLIS,3
TONY POLLARD,1
TYJAE SPEARS,2
HASSAN HASKINS,3
DEANDRE HOPKINS,1
CALVIN RIDLEY,2
TYLER BOYD,3
TREYLON BURKS,4
NICK WESTBROOK,5
KYLE PHILIPS,6
MASON KINSEY,7
CHIGOZIEM OKONKWO,1
JOSH WHYLE,2
NICK VANNETT,3
NICK FOLK,1
JAYDEN DANIELS,1
MARCUS MARIOTA,2
JEFF DRISKEL,3
BRIAN ROBINSON,1
AUSTIN EKELER,2
CHRISTOPHER RODRIGUEZ,3
TERRY MCLAURIN,1
JAHAN DOTSON,2
LUKE MCCAFFREY,3
JAMISON CROWDER,4
DYAMI BROWN,5
OLAMIDE ZACCHEAUS,6
ZACH ERTZ,1
BEN SINNOTT,2
JOHN BATES,3
COLE TURNER,4
RILEY PATTERSON,1
